{
    "$schema": "http://json-schema.org/draft-07/schema#",
    "title": "Screener Credentials Schema",
    "description": "Schema for encrypted screener_api.json.enc credentials file storing API credentials indexed by provider number.",
    "type": "object",
    "patternProperties": {
      "^PROVIDER_\\d{2}$": {
        "type": "string",
        "description": "Provider name identifier (e.g., 'FINNHUB', 'IBKR', 'POLYGON')."
      },
      "^SCREENER_NAME_\\d{2}$": {
        "type": "string",
        "description": "Human-readable name or label of the screener source/provider."
      },
      "^SCREENER_USERNAME_\\d{2}$": {
        "type": ["string", "null"],
        "description": "Optional username for screener provider API authentication."
      },
      "^SCREENER_PASSWORD_\\d{2}$": {
        "type": ["string", "null"],
        "description": "Optional password for screener provider API authentication."
      },
      "^SCREENER_URL_\\d{2}$": {
        "type": ["string", "null"],
        "format": "uri",
        "description": "Optional base URL for the screener API endpoint."
      },
      "^SCREENER_API_KEY_\\d{2}$": {
        "type": ["string", "null"],
        "description": "API key/token for the screener provider."
      },
      "^SCREENER_TOKEN_\\d{2}$": {
        "type": ["string", "null"],
        "description": "Optional authentication token for the screener provider."
      },
      "^USE_FOR_UNIVERSE_\\d{2}$": {
        "type": "boolean",
        "description": "Flag indicating if this provider is used for building the symbol universe."
      },
      "^USE_FOR_ANALYSIS_\\d{2}$": {
        "type": "boolean",
        "description": "Flag indicating if this provider is used for analysis."
      },
      "^USE_FOR_TRADING_\\d{2}$": {
        "type": "boolean",
        "description": "Flag indicating if this provider is used for trading."
      },
      "^USE_FOR_MONITORING_\\d{2}$": {
        "type": "boolean",
        "description": "Flag indicating if this provider is used for monitoring."
      }
    },
    "additionalProperties": false,
    "minProperties": 1,
    "maxProperties": 100,
    "examples": [
      {
        "PROVIDER_01": "FINNHUB",
        "SCREENER_NAME_01": "Finnhub",
        "SCREENER_USERNAME_01": null,
        "SCREENER_PASSWORD_01": null,
        "SCREENER_URL_01": "https://finnhub.io/api/v1/",
        "SCREENER_API_KEY_01": "abc123token",
        "SCREENER_TOKEN_01": null,
        "USE_FOR_UNIVERSE_01": true,
        "USE_FOR_ANALYSIS_01": true,
        "USE_FOR_TRADING_01": false,
        "USE_FOR_MONITORING_01": false,
        "PROVIDER_02": "IBKR",
        "SCREENER_NAME_02": "IBKR",
        "SCREENER_USERNAME_02": "user_ibkr",
        "SCREENER_PASSWORD_02": "pass_ibkr",
        "SCREENER_URL_02": "https://api.ibkr.com",
        "SCREENER_API_KEY_02": null,
        "SCREENER_TOKEN_02": "token_ibkr",
        "USE_FOR_UNIVERSE_02": true,
        "USE_FOR_ANALYSIS_02": false,
        "USE_FOR_TRADING_02": true,
        "USE_FOR_MONITORING_02": true
      }
    ]
  }
  