{
    "bot_identity": {
      "ENTITY_CODE": "TEST",
      "JURISDICTION_CODE": "USA",
      "BROKER_CODE": "IBKR",
      "BOT_ID": "01",
      "BOT_IDENTITY_STRING": "TEST_USA_IBKR_01"
    },
    "language_code": "en",
    "network_config": {
      "HOSTNAME": "REMOTE",
      "HOST_IP": "45.55.150.216",
      "PORT": "6900"
    },
    "screener_api": {
      "SCREENER_NAME": "Finnhub",
      "SCREENER_USERNAME": "",
      "SCREENER_PASSWORD": "",
      "SCREENER_TOKEN": "",
      "SCREENER_URL": "https://finnhub.io/api/v1/",
      "SCREENER_API_KEY": "d19fpu9r01qmm7tutrdgd19fpu9r01qmm7tutre0"
    },
    "broker": {
      "BROKER_HOST": "",
      "BROKER_USERNAME": "rigdgtbusa",
      "BROKER_PASSWORD": "",
      "BROKER_ACCOUNT_NUMBER": "DUM239060",
      "BROKER_API_KEY": "",
      "BROKER_SECRET_KEY": "",
      "BROKER_URL": "",
      "BROKER_PORT": "7497",
      "BROKER_CODE": "IBKR",
      "BROKER_TOKEN": ""
    },
    "smtp": {
      "ALERT_EMAIL": "notify@tb00.rigdg.com",
      "SMTP_USER": "notify@tb00.rigdg.com",
      "SMTP_PASS": "MyTPassIs5^",
      "SMTP_HOST": "mail.1984.is",
      "SMTP_PORT": "475"
    },
    "alert_channels": "email"
  }
  