{
    "bot_identity": {
      "ENTITY_CODE": "TEST",
      "JURISDICTION_CODE": "USA",
      "BROKER_CODE": "ALPACA",
      "BOT_ID": "01",
      "BOT_IDENTITY_STRING": "TEST_USA_ALPACA_01"
    },
    "language_code": "en",
    "network_config": {
      "HOSTNAME": "REMOTE",
      "HOST_IP": "45.55.150.216",
      "PORT": "6900"
    },
    "screener_api": {
      "SCREENER_NAME": "Finnhub",
      "SCREENER_USERNAME": "",
      "SCREENER_PASSWORD": "",
      "SCREENER_URL": "https://finnhub.io/api/v1/",
      "SCREENER_API_KEY": "d19fpu9r01qmm7tutrdgd19fpu9r01qmm7tutre0"
    },
    "broker": {
      "BROKER_HOST": "",
      "BROKER_USERNAME": "invest@racheldunn.com",
      "BROKER_PASSWORD": "MyAlpacaPassIs5^",
      "BROKER_ACCOUNT_NUMBER": "PA3I9GQNM4TQ",
      "BROKER_API_KEY": "PKL84EVSFADUH51578O6",
      "BROKER_SECRET_KEY": "33j2bpc2tQhwHXgaZf5igC05fyej1EPdP6S3cH6b",
      "BROKER_URL": "https://paper-api.alpaca.markets",
      "BROKER_CODE": "ALPACA"
    },
    "smtp": {
      "ALERT_EMAIL": "notify@tb00.rigdg.com",
      "SMTP_USER": "notify@tb00.rigdg.com",
      "SMTP_PASS": "MyTPassIs5^",
      "SMTP_HOST": "mail.1984.is",
      "SMTP_PORT": "475"
    },
    "alert_channels": "email"
  }
  