{
    "timestamp": "2025-06-20T04:09:11.400573+00:00",
    "state": "idle",
    "active_strategy": null,
    "trade_count": 0,
    "win_trades": 0,
    "loss_trades": 0,
    "error_count": 0,
    "enabled_strategies": {
      "open": true,
      "mid": true,
      "close": true
    },
    "broker_code": "undefined",
    "broker_mode": "single",
    "is_live_mode": true,
    "version": "v1.0.0",
    "daily_loss_limit": "0.05",
    "max_risk_per_trade": "0.025",
    "pnl": 0.0,
    "win_rate": 0.0
  }