{
    "schema_version": "1.0.0",
    "build_timestamp_utc": "2025-06-18T00:00:00Z",
    "symbols": [
      {
        "symbol": "AAPL",
        "exchange": "NASDAQ",
        "lastClose": 190.5,
        "marketCap": 2900000000000,
        "companyName": "Apple Inc.",
        "sector": "Technology"
      },
      {
        "symbol": "MSFT",
        "exchange": "NASDAQ",
        "lastClose": 310.2,
        "marketCap": 2500000000000,
        "companyName": "Microsoft Corporation",
        "sector": "Technology"
      }
    ]
  }
  