{
  "symbols": [
    {
      "symbol": "FHN.PRC",
      "exchange": "US",
      "lastClose": 25.19,
      "marketCap": 10672.19181,
      "name": "First Horizon Corp",
      "sector": "Banking",
      "industry": "",
      "volume": 0,
    },
    {
      "symbol": "MLLUY",
      "exchange": "US",
      "lastClose": 3.63,
      "marketCap": 57383.96710492681,
      "name": "Metallurgical Corporation of China Ltd",
      "sector": "Construction",
      "industry": "",
      "volume": 0,
    },
    {
      "symbol": "GUMI",
      "exchange": "US",
      "lastClose": 50.245,
      "marketCap": null,
      "name": "ULTRA SHORT MUNICIPAL INCOME",
      "sector": "",
      "industry": "",
      "volume": 0,
    },
  ]
}