[
  {
    "code": "1000",
    "name": "Bank and Cash Accounts",
    "children": [
      { "code": "1010", "name": "Float Injection – From RIGD Group" },
      { "code": "1020", "name": "Float Returned – To RIGD Group" },
      { "code": "1030", "name": "Broker – Cash" }
    ]
  },
  {
    "code": "1100",
    "name": "Assets",
    "children": [
      {
        "code": "1110",
        "name": "Brokerage – Equities",
        "children": [
          { "code": "1111", "name": "Broker – Equities" }
        ]
      },
      { "code": "1120", "name": "Tax Reserve (Brokerage)" },
      { "code": "1130", "name": "Payroll Reserve (Brokerage)" }
    ]
  },
  {
    "code": "2000",
    "name": "Liabilities",
    "children": [
      { "code": "2010", "name": "Broker Payables (Accrued fee)" },
      { "code": "2020", "name": "Market Data Payables (Accrued Subscriptions)" },
      {
        "code": "2100",
        "name": "Short Positions",
        "children": [
          { "code": "2110", "name": "Broker – Short Positions" }
        ]
      }
    ]
  },
  {
    "code": "3000",
    "name": "Equity",
    "children": [
      { "code": "3010", "name": "Capital Float Ledger" },
      { "code": "3020", "name": "Daily Float Allocation History" },
      { "code": "3030", "name": "Opening Balance" },
      { "code": "3040", "name": "Accumulated Profit" }
    ]
  },
  {
    "code": "4000",
    "name": "Income",
    "children": [
      { "code": "4010", "name": "Realized Gains" },
      { "code": "4050", "name": "Qualified Dividends" },
      { "code": "4060", "name": "Interest Income" },
      { "code": "4090", "name": "Float/Tax/Payroll Reserve Transfers" }
    ]
  },
  {
    "code": "5000",
    "name": "Expenses",
    "children": [
      { "code": "5010", "name": "Broker Fee" },
      { "code": "5050", "name": "Slippage / Execution Losses" },
      { "code": "5060", "name": "API Timeout Penalties" },
      { "code": "5070", "name": "Bot Infrastructure Costs" },
      { "code": "5080", "name": "Tax Payments (Realized/Withheld)" },
      { "code": "5090", "name": "Payroll Disbursements (Owner/Operator)" }
    ]
  },
  {
    "code": "9100",
    "name": "Exports",
    "children": [
      { "code": "9110", "name": "Daily P&L Export – OFX Format" },
      { "code": "9120", "name": "CSV/JSON Trade Log Export" },
      { "code": "9130", "name": "SQLite Ledger Backup" },
      { "code": "9140", "name": "Broker Confirm Archive (PDFs)" },
      { "code": "9150", "name": "End-of-Day Snapshot (Holdings + Cash)" }
    ]
  },
  {
    "code": "9200",
    "name": "Logging / Execution References",
    "children": [
      { "code": "9210", "name": "Trade UUID" },
      { "code": "9220", "name": "Broker Confirm #" },
      { "code": "9230", "name": "Strategy Tag" },
      { "code": "9240", "name": "Source Method Tag" },
      { "code": "9250", "name": "EOD Synced Flag" },
      { "code": "9260", "name": "Reconciliation Passed Flag" },
      { "code": "9160", "name": "Holdings Rebalance Audit Log Export" }
    ]
  },
  {
    "code": "9300",
    "name": "System Integrity",
    "children": [
      { "code": "9310", "name": "Failures & Rejected Orders" },
      { "code": "9320", "name": "Manual Overrides" },
      { "code": "9330", "name": "Ledger Lock Flag (YES/NO)" },
      { "code": "9340", "name": "Ledger Status: ACTIVE / DECOMMISSIONED" },
      { "code": "9350", "name": "Final Entry Timestamp" },
      { "code": "9360", "name": "Debug / Strategy Tags" }
    ]
  }
]
